# key	Commons file (no "File:")	crop cx,cy,side (fractions; empty = centred square)
dog	20110425 German Shepherd Dog 8505.jpg	0.52,0.55,1.0
cat	20231125 housecat south meadows PD100306.jpg	0.5,0.5,0.9
bird	House Sparrow, England - May 09.jpg	0.45,0.5,1.0
fish	Carassius wild golden fish 2013 G1.jpg	fit
frog	Australia green tree frog (Litoria caerulea) crop.jpg	fit
horse	Domestic horse at Suryachaur and the mountains in the back1.jpg	0.5,0.5,1.0
snail	Garden snail crossing the sidewalk.jpg	0.5,0.5,0.75
butterfly	Peacock butterfly (Aglais io) 2.jpg	0.5,0.45,1.0
girl	Portrait of a Smiling Little Indian Girl - Flickr - Nithi clicks.jpg	0.5,0.4,0.95
tree	Lone field tree - geograph.org.uk - 6638016.jpg	0.55,0.45,1.0
flower	Tulip festival 2025 on Yelagin Island 17.jpg	0.5,0.5,1.0
cactus	Cute Cactus.jpg	0.5,0.5,1.0
rock	Granite boulder beside Argyll and Sutherland Highlanders War Memorial, Oban, July 2020.jpg	0.5,0.55,1.0
chair	ov:04889801-ae64-4921-8193-9eef95abf354	0.5,0.6,1.0
car	ov:a4791d0a-7e62-4c41-9e6c-61950c1d474b	fit
phone	ov:9d739f11-3555-4544-8581-24102a273eec	fit
robot	ov:07a21ca1-b5fc-47bc-b349-de80d20cd95d	0.5,0.45,1.0
teddy	ov:eed12139-b956-44cf-a2ab-ea345094b3c1	0.45,0.5,1.0
bicycle	ov:a9e0bff3-3272-4c3a-bbd4-92e542e1f41a	fit
clock	ov:6c461049-718f-4b11-8c3f-0674bc93f5cc	0.5,0.5,1.0
kite	ov:1907a72b-4679-4247-a791-75225aa6f111	0.75,0.45,1.0
sun	ov:5bde90db-2b2f-4e66-8582-281fbedba815	0.5,0.5,1.0
cloud	ov:e7b2c91d-87a8-48cc-a5b5-72b91f90b5df	0.6,0.4,1.0
water	ov:f18c7c8f-368b-41a3-b067-58563421c317	0.5,0.55,1.0
food	ov:8a6c870e-35a8-432c-8dae-6b5f67e9eefb	0.5,0.5,1.0
air	ov:7f5efc4a-c3c5-460d-92ce-e8bb5df1d059	0.5,0.55,1.0
breathing	ov:b36b61af-af8c-4063-99b3-a18bc0dcf1fe	0.5,0.4,1.0
grazing	ov:c2d22ae2-bbba-4c48-a8a6-4356e8a2af87	0.5,0.62,1.0
cow	ov:c3491873-2fcc-475a-b041-9a82bfe1c567	0.48,0.5,1.0
seed	ov:7cac3af0-a81a-4092-a912-971d3c4901e1	0.55,0.5,1.0
seedling	ov:f4540af4-6ed3-4623-8daf-9f554b32ada7	0.5,0.6,1.0
sunflower	ov:3187a28d-7820-4e63-9e15-cf2b666185dd	0.5,0.45,1.0
puppy	ov:eb2c360e-ec1c-4718-a855-07be91006af4	0.5,0.55,1.0
kitten	ov:5775e205-685b-4319-a2f7-e925251f8cb9	0.5,0.55,1.0
chick	ov:8d2577f8-b05d-48d5-be9b-e7f49a8cbc7d	0.5,0.5,0.8
egg	ov:cb786bb6-abac-426a-b717-f4d3dbcf1e90	0.45,0.55,1.0
tadpole	ov:f53efae7-4c85-4a84-aeaf-86dcbdab827b	0.45,0.55,1.0
caterpillar	ov:84e9c9e7-7322-4dba-b220-7c300ff81290	0.5,0.55,1.0
chicken	ov:482133f8-62fe-4488-86e5-18b7de3cfe0e	0.55,0.5,1.0
forest	ov:bcaeb4a8-f5b3-4c1e-84e4-4e79fcee00e7	0.65,0.5,1.0
ant	ov:03e2b2c4-64eb-4f24-ade0-34e1daa94865	0.5,0.45,1.0
pencil	ov:4c580d26-9ffd-4fd4-a4ea-49e405808c83	0.45,0.55,1.0
cup	ov:982b40d2-906a-4cfa-8591-6a5e5bd303d5	0.5,0.5,1.0
goat	ov:3e57cb38-9f61-4e37-972c-ff91b7405571	0.55,0.4,1.0
umbrella	ov:5d05e884-821f-460d-a12f-5177f9459ec0	fit
watering	ov:6a6b218a-cf4b-429e-b9f2-3e2aec54a9a8	0.5,0.6,1.0
ball	ov:59dc0317-c399-40b4-962c-3cc67f54a2bf	0.5,0.55,1.0
book	ov:b926f80c-23aa-4a71-836f-da7df8047946	0.4,0.6,1.0
bag	ov:5b7c3e00-77f3-4f7c-980b-87b2da3a3d77	0.5,0.5,1.0
