class	unit	lesson	title	file	built
10A			Float or Sink	Float or Sink.pptx	2026-10-05
10A	Forces		Resultant Forces	Resultant Forces.pptx	2026-10-06
10A	Forces		When The Resultant Is Zero	When The Resultant Is Zero.pptx	2026-10-06
10A	General Physics		Mass and Weight	Mass and Weight.pptx	2026-10-05
10A	General Physics		Weight and Gravity	Weight and Gravity.pptx	2026-10-05
10A	Matter		Density	Density.pptx	2026-10-05
10A	Motion	3	Equations of Motion	Equations of Motion.pptx	2026-10-05
7B			Numbers in Science	Numbers in Science.pptx	2026-10-05
7B			Averages, Graphs And Models	Averages, Graphs And Models.pptx	2026-10-05
7B			Averages, Graphs And Models	Averages, Graphs, and Models.pptx	2026-10-05
7B	Scientific Research and Technology	1	How Scientists Investigate	How Scientists Investigate.pptx	2026-10-05
7B	Scientific Research and Technology	2	Fair Tests and Variables	Fair Tests and Variables.pptx	2026-10-05
7B	Scientific Research and Technology	3	Burning Food	Burning Food.pptx	2026-10-05
7B	Scientific Research and Technology		Technology And Society	Technology And Society.pptx	2026-10-05
7B	The World of Science	1	How Do You Know OLD	How Do You Know OLD.pptx	2026-10-05
7B	The World of Science	2	Theories and Laws OLD	Theories and Laws OLD.pptx	2026-10-05
7B	The World of Science	3	Who Got Left Out OLD	Who Got Left Out OLD.pptx	2026-10-05
7B	The World of Science	4	Into The Lab	Into The Lab.pptx	2026-10-05
8CN	Algebra	1	Like Terms OLD	Like Terms OLD.pptx	2026-10-05
8CN	Algebra	2	Expanding Brackets OLD	Expanding Brackets OLD.pptx	2026-10-05
8CN	Algebra	3	Expand and Simplify	Expand and Simplify.pptx	2026-10-05
8CN	Algebra	4	Putting Numbers In	Putting Numbers In.pptx	2026-10-05
8CN	Algebra	5	Function Machines	Function Machines.pptx	2026-10-05
8CN	Algebra	6	From A Table To A Rule	From A Table To A Rule.pptx	2026-10-06
8I	Natural Selection	1	Natural Selection	Natural Selection.pptx	2026-10-05
8I	Natural Selection	3	Natural Selection In Action	Natural Selection In Action.pptx	2026-10-05
8I	Natural Selection	4	Fossils And The Fossil Record	Fossils And The Fossil Record.pptx	2026-10-05
8I	Natural Selection	6	Small Changes, Big Changes	Small Changes, Big Changes.pptx	2026-10-06
8I	Natural Selection	7	Shuffling The Gene Pool	Shuffling The Gene Pool.pptx	2026-10-06
T3	Unit 3 Atoms	1	Atoms	Atoms.pptx	2026-10-05
T3	Unit 3 Atoms	2	Drawing an Atom	Drawing an Atom.pptx	2026-10-05
T3	Unit 3 Atoms	3	The nucleus	The nucleus.pptx	2026-10-05
T3	Unit 3 Atoms		Atoms The Words And The Picture	Atoms The Words And The Picture.pptx	2026-10-05
Y9			What The Earth Gives Us	What The Earth Gives Us.pptx	2026-10-05
Y9			Making It Last	Making It Last.pptx	2026-10-05
Y9			Resource Depletion	Resource Depletion.pptx	2026-10-05
Y9	Earth Resources	1	What The Land Gives Us	What The Land Gives Us.pptx	2026-10-05
Y9	Earth Resources	2	Losing The Soil	Losing The Soil.pptx	2026-10-05
Y9	Earth Resources	3	Cities And What Can Be Done	Cities And What Can Be Done.pptx	2026-10-05
Y9	Ecosystems	1	Ecosystems1 OLD	Ecosystems1 OLD.pptx	2026-10-05
Y9	Ecosystems	2	Ecosystems2 OLD	Ecosystems2 OLD.pptx	2026-10-05
Y9	Ecosystems	3	Ecosystems3 OLD	Ecosystems3 OLD.pptx	2026-10-05
Y9	Ecosystems	4	Human Population Growth	Human Population Growth.pptx	2026-10-05
Y9	Water	1	How Much Water Can We Actually Use	How Much Water Can We Actually Use.pptx	2026-10-05
Y9	Water		Finite Freshwater	Finite Freshwater.pptx	2026-10-07
